SampleID	group	age	sex	batch
H01	healthy	39	M	1
H02	healthy	34	M	2
H03	healthy	66	M	2
H04	healthy	25	F	1
H05	healthy	28	F	2
H06	healthy	NA	F	2
H07	healthy	64	M	1
H08	healthy	65	M	2
H09	healthy	32	M	2
H10	healthy	30	M	1
H11	healthy	30	M	2
H12	healthy	57	M	2
H13	healthy	45	F	1
H14	healthy	54	M	2
H15	healthy	40	M	2
H16	healthy	44	M	1
H17	healthy	34	F	2
H18	healthy	59	F	2
H19	healthy	63	F	1
H20	healthy	49	M	2
D01	disease	52	M	2
D02	disease	63	F	1
D03	disease	48	M	2
D04	disease	33	M	2
D05	disease	53	M	1
D06	disease	39	F	2
D07	disease	27	M	2
D08	disease	24	M	1
D09	disease	35	F	2
D10	disease	60	M	2
D11	disease	51	F	1
D12	disease	63	M	2
D13	disease	58	M	2
D14	disease	66	M	1
D15	disease	48	F	2
D16	disease	42	M	2
D17	disease	59	F	1
D18	disease	24	M	2
D19	disease	57	F	2
D20	disease	40	M	1
