Feature ID	Taxon	Confidence
ASV_001	k__Bacteria ;p__Bacteroidota ;c__Bacteroidia;o__Bacteroidales;f__Bacteroidaceae;g__Bacteroides	0.923
ASV_002	d__Bacteria;p__Bacteroidota;c__Bacteroidia;o__Bacteroidales;f__Bacteroidaceae;g__Bacteroides	0.998
ASV_003	d__Bacteria;p__Bacteroidota;c__Bacteroidia;o__Bacteroidales;f__Bacteroidaceae;g__Bacteroides	0.976
ASV_004	d__Bacteria;p__Bacteroidota;c__;o__Bacteroidales;f__Bacteroidaceae;g__Bacteroides	0.935
ASV_005	d__Bacteria;p__Bacteroidota;c__Bacteroidia;o__Bacteroidales;f__Rikenellaceae;g__Alistipes	0.977
ASV_006	d__Bacteria ;p__Bacteroidota ;c__Bacteroidia;o__Bacteroidales;f__Rikenellaceae;g__Alistipes	0.947
ASV_007	d__Bacteria;p__Bacteroidota;c__Bacteroidia;o__Bacteroidales;f__Rikenellaceae;g__Alistipes	0.951
ASV_008	d__Bacteria;p__Bacteroidota;c__Bacteroidia;o__Bacteroidales;f__Rikenellaceae;g__Alistipes	0.954
ASV_009	d__Bacteria;p__Bacteroidota;c__Bacteroidia;o__Bacteroidales;f__Tannerellaceae;g__Parabacteroides	0.957
ASV_010	d__Bacteria;p__Bacteroidota;c__Bacteroidia;o__Bacteroidales;f__Tannerellaceae;g__Parabacteroides	0.978
ASV_011	d__Bacteria ;p__Bacteroidota ;c__;o__Bacteroidales;f__Tannerellaceae;g__Parabacteroides	0.998
ASV_012	k__Bacteria;p__Bacteroidota;c__Bacteroidia;o__Bacteroidales;f__Tannerellaceae;g__Parabacteroides	0.916
ASV_013	d__Bacteria;p__Bacillota;c__Clostridia;o__Lachnospirales;f__Lachnospiraceae;g__Blautia	0.949
ASV_014	d__Bacteria;p__Bacillota;c__Clostridia;o__Lachnospirales;f__Lachnospiraceae;g__Blautia	0.943
ASV_015	d__Bacteria;p__Bacillota;c__Clostridia;o__Lachnospirales;f__Lachnospiraceae;g__Blautia	0.913
ASV_016	d__Bacteria ;p__Bacillota ;c__Clostridia;o__Lachnospirales;f__Lachnospiraceae;g__Blautia	0.922
ASV_017	d__Bacteria;p__Bacillota;c__Clostridia;o__Lachnospirales;f__Lachnospiraceae;g__Roseburia	0.961
ASV_018	d__Bacteria;p__Bacillota;c__;o__Lachnospirales;f__Lachnospiraceae;g__Roseburia	0.989
ASV_019	d__Bacteria;p__Bacillota;c__Clostridia;o__Lachnospirales;f__Lachnospiraceae;g__Roseburia	0.994
ASV_020	d__Bacteria;p__Bacillota;c__Clostridia;o__Lachnospirales;f__Lachnospiraceae;g__Roseburia	0.924
ASV_021	d__Bacteria ;p__Bacillota ;c__Clostridia;o__Oscillospirales;f__Ruminococcaceae;g__Faecalibacterium	0.988
ASV_022	d__Bacteria;p__Bacillota;c__Clostridia;o__Oscillospirales;f__Ruminococcaceae;g__Faecalibacterium	0.974
ASV_023	k__Bacteria;p__Bacillota;c__Clostridia;o__Oscillospirales;f__Ruminococcaceae;g__Faecalibacterium	0.974
ASV_024	d__Bacteria;p__Bacillota;c__Clostridia;o__Oscillospirales;f__Ruminococcaceae;g__Faecalibacterium	0.959
ASV_025	d__Bacteria;p__Bacillota;c__;o__Oscillospirales;f__Ruminococcaceae;g__Ruminococcus	0.907
ASV_026	d__Bacteria ;p__Bacillota ;c__Clostridia;o__Oscillospirales;f__Ruminococcaceae;g__Ruminococcus	0.920
ASV_027	d__Bacteria;p__Bacillota;c__Clostridia;o__Oscillospirales;f__Ruminococcaceae;g__Ruminococcus	0.940
ASV_028	d__Bacteria;p__Bacillota;c__Clostridia;o__Oscillospirales;f__Ruminococcaceae;g__Ruminococcus	0.996
ASV_029	d__Bacteria;p__Bacillota;c__Clostridia;o__Peptostreptococcales;f__Peptostreptococcaceae;g__Romboutsia	0.927
ASV_030	d__Bacteria;p__Bacillota;c__Clostridia;o__Peptostreptococcales;f__Peptostreptococcaceae;g__Romboutsia	0.986
ASV_031	d__Bacteria ;p__Bacillota ;c__Clostridia;o__Peptostreptococcales;f__Peptostreptococcaceae;g__Romboutsia	0.973
ASV_032	d__Bacteria;p__Bacillota;c__;o__Peptostreptococcales;f__Peptostreptococcaceae;g__Romboutsia	0.992
ASV_033	d__Bacteria;p__Bacillota;c__Bacilli;o__Lactobacillales;f__Streptococcaceae;g__Streptococcus	0.995
ASV_034	k__Bacteria;p__Bacillota;c__Bacilli;o__Lactobacillales;f__Streptococcaceae;g__Streptococcus	0.913
ASV_035	d__Bacteria;p__Bacillota;c__Bacilli;o__Lactobacillales;f__Streptococcaceae;g__Streptococcus	0.935
ASV_036	d__Bacteria ;p__Bacillota ;c__Bacilli;o__Lactobacillales;f__Streptococcaceae;g__Streptococcus	0.975
ASV_037	d__Bacteria;p__Bacillota;c__Bacilli;o__Erysipelotrichales;f__Erysipelotrichaceae;g__Holdemanella	0.923
ASV_038	d__Bacteria;p__Bacillota;c__Bacilli;o__Erysipelotrichales;f__Erysipelotrichaceae;g__Holdemanella	0.907
ASV_039	d__Bacteria;p__Bacillota;c__;o__Erysipelotrichales;f__Erysipelotrichaceae;g__Holdemanella	0.952
ASV_040	d__Bacteria;p__Bacillota;c__Bacilli;o__Erysipelotrichales;f__Erysipelotrichaceae;g__Holdemanella	0.926
ASV_041	d__Bacteria ;p__Actinomycetota ;c__Actinomycetes;o__Bifidobacteriales;f__Bifidobacteriaceae;g__Bifidobacterium	0.966
ASV_042	d__Bacteria;p__Actinomycetota;c__Actinomycetes;o__Bifidobacteriales;f__Bifidobacteriaceae;g__Bifidobacterium	0.921
ASV_043	d__Bacteria;p__Actinomycetota;c__Actinomycetes;o__Bifidobacteriales;f__Bifidobacteriaceae;g__Bifidobacterium	0.991
ASV_044	d__Bacteria;p__Actinomycetota;c__Actinomycetes;o__Bifidobacteriales;f__Bifidobacteriaceae;g__Bifidobacterium	0.915
ASV_045	k__Bacteria;p__Actinomycetota;c__Coriobacteriia;o__Coriobacteriales;f__Eggerthellaceae;g__Eggerthella	0.911
ASV_046	d__Bacteria ;p__Actinomycetota ;c__;o__Coriobacteriales;f__Eggerthellaceae;g__Eggerthella	0.924
ASV_047	d__Bacteria;p__Actinomycetota;c__Coriobacteriia;o__Coriobacteriales;f__Eggerthellaceae;g__Eggerthella	0.923
ASV_048	d__Bacteria;p__Actinomycetota;c__Coriobacteriia;o__Coriobacteriales;f__Eggerthellaceae;g__Eggerthella	0.906
ASV_049	d__Bacteria;p__Pseudomonadota;c__Gammaproteobacteria;o__Enterobacterales;f__Enterobacteriaceae;g__Escherichia-Shigella	0.926
ASV_050	d__Bacteria;p__Pseudomonadota;c__Gammaproteobacteria;o__Enterobacterales;f__Enterobacteriaceae;g__Escherichia-Shigella	0.962
ASV_051	d__Bacteria ;p__Pseudomonadota ;c__Gammaproteobacteria;o__Enterobacterales;f__Enterobacteriaceae;g__Escherichia-Shigella	0.913
ASV_052	d__Bacteria;p__Pseudomonadota;c__Gammaproteobacteria;o__Enterobacterales;f__Enterobacteriaceae;g__Escherichia-Shigella	0.952
ASV_053	d__Bacteria;p__Pseudomonadota;c__;o__Burkholderiales;f__Sutterellaceae;g__Sutterella	0.974
ASV_054	d__Bacteria;p__Pseudomonadota;c__Gammaproteobacteria;o__Burkholderiales;f__Sutterellaceae;g__Sutterella	0.975
ASV_055	d__Bacteria;p__Pseudomonadota;c__Gammaproteobacteria;o__Burkholderiales;f__Sutterellaceae;g__Sutterella	0.902
ASV_056	k__Bacteria ;p__Pseudomonadota ;c__Gammaproteobacteria;o__Burkholderiales;f__Sutterellaceae;g__Sutterella	0.938
ASV_057	d__Bacteria;p__Verrucomicrobiota;c__Verrucomicrobiae;o__Verrucomicrobiales;f__Akkermansiaceae;g__Akkermansia	0.922
ASV_058	d__Bacteria;p__Verrucomicrobiota;c__Verrucomicrobiae;o__Verrucomicrobiales;f__Akkermansiaceae;g__Akkermansia	0.991
ASV_059	d__Bacteria;p__Verrucomicrobiota;c__Verrucomicrobiae;o__Verrucomicrobiales;f__Akkermansiaceae;g__Akkermansia	0.946
ASV_060	d__Bacteria;p__Verrucomicrobiota;c__;o__Verrucomicrobiales;f__Akkermansiaceae;g__Akkermansia	0.931
ASV_061	d__Bacteria ;p__Desulfobacterota ;c__Desulfovibrionia;o__Desulfovibrionales;f__Desulfovibrionaceae;g__Bilophila	0.956
ASV_062	d__Bacteria;p__Desulfobacterota;c__Desulfovibrionia;o__Desulfovibrionales;f__Desulfovibrionaceae;g__Bilophila	0.944
ASV_063	d__Bacteria;p__Desulfobacterota;c__Desulfovibrionia;o__Desulfovibrionales;f__Desulfovibrionaceae;g__Bilophila	0.936
ASV_064	d__Bacteria;p__Desulfobacterota;c__Desulfovibrionia;o__Desulfovibrionales;f__Desulfovibrionaceae;g__Bilophila	0.968
